backbone,train_kg,regime,seed,split,family,regime_vs_train_fbv1,num_queries,mrr,h1,h10,mrr_reference_meme_regime,ecart
gat,CoDExSmall,standard,0,FB15k237Inductive:v1,Freebase,train+select,822,0.2993,0.2092,0.4708,0.5257,-0.2264
gat,CoDExSmall,standard,0,FB15k237Inductive:v2,Freebase,in-family,1894,0.3212,0.2297,0.5095,0.5322,-0.211
gat,CoDExSmall,standard,0,FB15k237Inductive:v3,Freebase,in-family,3462,0.3156,0.2221,0.4884,0.5052,-0.1896
gat,CoDExSmall,standard,0,FB15k237Inductive:v4,Freebase,in-family,5680,0.3175,0.2254,0.4977,0.4836,-0.1661
gat,CoDExSmall,standard,0,FBIngram:100,Freebase,in-family,4658,0.2879,0.1992,0.4663,0.4218,-0.1339
gat,CoDExSmall,standard,0,FBIngram:25,Freebase,in-family,11432,0.2448,0.1462,0.4486,0.3358,-0.091
gat,CoDExSmall,standard,0,FBIngram:50,Freebase,in-family,7758,0.2021,0.1225,0.3626,0.2912,-0.0891
gat,CoDExSmall,standard,0,FBIngram:75,Freebase,in-family,6212,0.2722,0.1856,0.438,0.3716,-0.0994
gat,CoDExSmall,standard,0,FBNELL:FBNELL_v1,Freebase+NELL,in-family-partial,1194,0.3689,0.2839,0.5394,0.1061,0.2628
gat,CoDExSmall,standard,0,HM:1k,INDIGO-HM,new-KG,952,0.0631,0.041,0.1197,0.0568,0.0063
gat,CoDExSmall,standard,0,HM:3k,INDIGO-HM,new-KG,2698,0.0597,0.0378,0.1023,0.0528,0.0069
gat,CoDExSmall,standard,0,HM:5k,INDIGO-HM,new-KG,4248,0.0542,0.0327,0.0927,0.0468,0.0074
gat,CoDExSmall,standard,0,ILPC2022:large,Wikidata,new-KG,20368,0.2484,0.1818,0.3791,0.2188,0.0296
gat,CoDExSmall,standard,0,ILPC2022:small,Wikidata,new-KG,5804,0.2635,0.1894,0.4076,0.2333,0.0302
gat,CoDExSmall,standard,0,Metafam:Metafam,Metafam,new-KG,368,0.3637,0.25,0.5679,0.3165,0.0472
gat,CoDExSmall,standard,0,NELLInductive:v1,NELL,new-KG,402,0.5567,0.505,0.6418,0.6262,-0.0695
gat,CoDExSmall,standard,0,NELLInductive:v2,NELL,new-KG,1870,0.4229,0.3262,0.6118,0.5595,-0.1366
gat,CoDExSmall,standard,0,NELLInductive:v3,NELL,new-KG,3240,0.4289,0.3475,0.5951,0.5624,-0.1335
gat,CoDExSmall,standard,0,NELLInductive:v4,NELL,new-KG,2894,0.4068,0.2999,0.6054,0.5356,-0.1288
gat,CoDExSmall,standard,0,NLIngram:0,NELL,new-KG,1526,0.23,0.1527,0.401,0.345,-0.115
gat,CoDExSmall,standard,0,NLIngram:100,NELL,new-KG,1586,0.3398,0.2579,0.5107,0.469,-0.1292
gat,CoDExSmall,standard,0,NLIngram:25,NELL,new-KG,1488,0.3127,0.2345,0.4872,0.3534,-0.0407
gat,CoDExSmall,standard,0,NLIngram:50,NELL,new-KG,1718,0.2524,0.1816,0.408,0.4053,-0.1529
gat,CoDExSmall,standard,0,NLIngram:75,NELL,new-KG,1214,0.2597,0.1771,0.4242,0.3504,-0.0907
gat,CoDExSmall,standard,0,WKIngram:100,Wikidata,new-KG,8992,0.1398,0.0912,0.2254,0.1523,-0.0125
gat,CoDExSmall,standard,0,WKIngram:25,Wikidata,new-KG,2262,0.2613,0.1795,0.4116,0.2825,-0.0212
gat,CoDExSmall,standard,0,WKIngram:50,Wikidata,new-KG,6450,0.1327,0.0809,0.2361,0.1602,-0.0275
gat,CoDExSmall,standard,0,WKIngram:75,Wikidata,new-KG,2288,0.3203,0.2421,0.4633,0.3521,-0.0318
gat,CoDExSmall,standard,0,WN18RRInductive:v1,WordNet,new-KG,746,0.5513,0.4692,0.6957,0.6567,-0.1054
gat,CoDExSmall,standard,0,WN18RRInductive:v2,WordNet,new-KG,1704,0.5465,0.4695,0.6749,0.6335,-0.087
gat,CoDExSmall,standard,0,WN18RRInductive:v3,WordNet,new-KG,2286,0.2881,0.2345,0.3753,0.3304,-0.0423
gat,CoDExSmall,standard,0,WN18RRInductive:v4,WordNet,new-KG,5646,0.5039,0.4293,0.6277,0.5974,-0.0935
gat,CoDExSmall,standard,0,WikiTopicsMT1:health,Wikidata,new-KG,3132,0.325,0.2695,0.4243,0.314,0.011
gat,CoDExSmall,standard,0,WikiTopicsMT1:tax,Wikidata,new-KG,3668,0.1907,0.0622,0.3896,0.2312,-0.0405
gat,CoDExSmall,standard,0,WikiTopicsMT2:org,Wikidata,new-KG,4882,0.0433,0.0252,0.0789,0.0631,-0.0198
gat,CoDExSmall,standard,0,WikiTopicsMT2:sci,Wikidata,new-KG,3300,0.2469,0.1458,0.3994,0.2129,0.034
gat,CoDExSmall,standard,0,WikiTopicsMT3:art,Wikidata,new-KG,6226,0.2002,0.1299,0.3375,0.1721,0.0281
gat,CoDExSmall,standard,0,WikiTopicsMT3:infra,Wikidata,new-KG,4810,0.5663,0.4759,0.727,0.5275,0.0388
gat,CoDExSmall,standard,0,WikiTopicsMT4:health,Wikidata,new-KG,3406,0.4774,0.4031,0.628,0.6361,-0.1587
gat,CoDExSmall,standard,0,WikiTopicsMT4:sci,Wikidata,new-KG,2776,0.194,0.1272,0.3184,0.2334,-0.0394
gat,CoDExSmall,standard,1,FB15k237Inductive:v1,Freebase,train+select,822,0.302,0.2178,0.4477,0.5257,-0.2237
gat,CoDExSmall,standard,1,FB15k237Inductive:v2,Freebase,in-family,1894,0.3412,0.2529,0.5058,0.5322,-0.191
gat,CoDExSmall,standard,1,FB15k237Inductive:v3,Freebase,in-family,3462,0.3218,0.2406,0.4717,0.5052,-0.1834
gat,CoDExSmall,standard,1,FB15k237Inductive:v4,Freebase,in-family,5680,0.3173,0.2329,0.4796,0.4836,-0.1663
gat,CoDExSmall,standard,1,FBIngram:100,Freebase,in-family,4658,0.3231,0.2445,0.4787,0.4218,-0.0987
gat,CoDExSmall,standard,1,FBIngram:25,Freebase,in-family,11432,0.2343,0.1467,0.4131,0.3358,-0.1015
gat,CoDExSmall,standard,1,FBIngram:50,Freebase,in-family,7758,0.1943,0.1237,0.3411,0.2912,-0.0969
gat,CoDExSmall,standard,1,FBIngram:75,Freebase,in-family,6212,0.2667,0.1871,0.415,0.3716,-0.1049
gat,CoDExSmall,standard,1,FBNELL:FBNELL_v1,Freebase+NELL,in-family-partial,1194,0.3478,0.2647,0.4941,0.1061,0.2417
gat,CoDExSmall,standard,1,HM:1k,INDIGO-HM,new-KG,952,0.0551,0.0336,0.0882,0.0568,-0.0017
gat,CoDExSmall,standard,1,HM:3k,INDIGO-HM,new-KG,2698,0.037,0.0208,0.0675,0.0528,-0.0158
gat,CoDExSmall,standard,1,HM:5k,INDIGO-HM,new-KG,4248,0.0333,0.0191,0.0624,0.0468,-0.0135
gat,CoDExSmall,standard,1,ILPC2022:large,Wikidata,new-KG,20368,0.2278,0.1569,0.3672,0.2188,0.009
gat,CoDExSmall,standard,1,ILPC2022:small,Wikidata,new-KG,5804,0.2477,0.1744,0.3915,0.2333,0.0144
gat,CoDExSmall,standard,1,Metafam:Metafam,Metafam,new-KG,368,0.2148,0.1495,0.3043,0.3165,-0.1017
gat,CoDExSmall,standard,1,NELLInductive:v1,NELL,new-KG,402,0.5406,0.4975,0.6244,0.6262,-0.0856
gat,CoDExSmall,standard,1,NELLInductive:v2,NELL,new-KG,1870,0.3876,0.2936,0.5797,0.5595,-0.1719
gat,CoDExSmall,standard,1,NELLInductive:v3,NELL,new-KG,3240,0.3988,0.3219,0.5491,0.5624,-0.1636
gat,CoDExSmall,standard,1,NELLInductive:v4,NELL,new-KG,2894,0.3902,0.2861,0.5753,0.5356,-0.1454
gat,CoDExSmall,standard,1,NLIngram:0,NELL,new-KG,1526,0.212,0.1343,0.3978,0.345,-0.133
gat,CoDExSmall,standard,1,NLIngram:100,NELL,new-KG,1586,0.3536,0.2736,0.5076,0.469,-0.1154
gat,CoDExSmall,standard,1,NLIngram:25,NELL,new-KG,1488,0.2863,0.2124,0.4099,0.3534,-0.0671
gat,CoDExSmall,standard,1,NLIngram:50,NELL,new-KG,1718,0.2627,0.1985,0.3795,0.4053,-0.1426
gat,CoDExSmall,standard,1,NLIngram:75,NELL,new-KG,1214,0.2765,0.1919,0.4498,0.3504,-0.0739
gat,CoDExSmall,standard,1,WKIngram:100,Wikidata,new-KG,8992,0.1417,0.0883,0.2392,0.1523,-0.0106
gat,CoDExSmall,standard,1,WKIngram:25,Wikidata,new-KG,2262,0.2547,0.1636,0.4125,0.2825,-0.0278
gat,CoDExSmall,standard,1,WKIngram:50,Wikidata,new-KG,6450,0.1408,0.0788,0.2693,0.1602,-0.0194
gat,CoDExSmall,standard,1,WKIngram:75,Wikidata,new-KG,2288,0.299,0.2238,0.4449,0.3521,-0.0531
gat,CoDExSmall,standard,1,WN18RRInductive:v1,WordNet,new-KG,746,0.524,0.441,0.6997,0.6567,-0.1327
gat,CoDExSmall,standard,1,WN18RRInductive:v2,WordNet,new-KG,1704,0.5237,0.439,0.686,0.6335,-0.1098
gat,CoDExSmall,standard,1,WN18RRInductive:v3,WordNet,new-KG,2286,0.267,0.2104,0.3657,0.3304,-0.0634
gat,CoDExSmall,standard,1,WN18RRInductive:v4,WordNet,new-KG,5646,0.4872,0.4175,0.6272,0.5974,-0.1102
gat,CoDExSmall,standard,1,WikiTopicsMT1:health,Wikidata,new-KG,3132,0.2963,0.2516,0.3825,0.314,-0.0177
gat,CoDExSmall,standard,1,WikiTopicsMT1:tax,Wikidata,new-KG,3668,0.1796,0.1061,0.2833,0.2312,-0.0516
gat,CoDExSmall,standard,1,WikiTopicsMT2:org,Wikidata,new-KG,4882,0.0473,0.0268,0.0856,0.0631,-0.0158
gat,CoDExSmall,standard,1,WikiTopicsMT2:sci,Wikidata,new-KG,3300,0.2399,0.1812,0.3476,0.2129,0.027
gat,CoDExSmall,standard,1,WikiTopicsMT3:art,Wikidata,new-KG,6226,0.1838,0.1238,0.301,0.1721,0.0117
gat,CoDExSmall,standard,1,WikiTopicsMT3:infra,Wikidata,new-KG,4810,0.5139,0.4212,0.6923,0.5275,-0.0136
gat,CoDExSmall,standard,1,WikiTopicsMT4:health,Wikidata,new-KG,3406,0.5088,0.4378,0.6603,0.6361,-0.1273
gat,CoDExSmall,standard,1,WikiTopicsMT4:sci,Wikidata,new-KG,2776,0.218,0.1448,0.3667,0.2334,-0.0154
gat,CoDExSmall,standard,2,FB15k237Inductive:v1,Freebase,train+select,822,0.3156,0.2238,0.4866,0.5257,-0.2101
gat,CoDExSmall,standard,2,FB15k237Inductive:v2,Freebase,in-family,1894,0.355,0.2566,0.5391,0.5322,-0.1772
gat,CoDExSmall,standard,2,FB15k237Inductive:v3,Freebase,in-family,3462,0.331,0.2421,0.4945,0.5052,-0.1742
gat,CoDExSmall,standard,2,FB15k237Inductive:v4,Freebase,in-family,5680,0.328,0.2368,0.5009,0.4836,-0.1556
gat,CoDExSmall,standard,2,FBIngram:100,Freebase,in-family,4658,0.3266,0.2402,0.4916,0.4218,-0.0952
gat,CoDExSmall,standard,2,FBIngram:25,Freebase,in-family,11432,0.2651,0.1631,0.4751,0.3358,-0.0707
gat,CoDExSmall,standard,2,FBIngram:50,Freebase,in-family,7758,0.2196,0.1382,0.3877,0.2912,-0.0716
gat,CoDExSmall,standard,2,FBIngram:75,Freebase,in-family,6212,0.3049,0.2176,0.471,0.3716,-0.0667
gat,CoDExSmall,standard,2,FBNELL:FBNELL_v1,Freebase+NELL,in-family-partial,1194,0.3537,0.2722,0.5042,0.1061,0.2476
gat,CoDExSmall,standard,2,HM:1k,INDIGO-HM,new-KG,952,0.052,0.0357,0.0777,0.0568,-0.0048
gat,CoDExSmall,standard,2,HM:3k,INDIGO-HM,new-KG,2698,0.0476,0.0348,0.0693,0.0528,-0.0052
gat,CoDExSmall,standard,2,HM:5k,INDIGO-HM,new-KG,4248,0.0389,0.0268,0.0589,0.0468,-0.0079
gat,CoDExSmall,standard,2,ILPC2022:large,Wikidata,new-KG,20368,0.2837,0.2222,0.394,0.2188,0.0649
gat,CoDExSmall,standard,2,ILPC2022:small,Wikidata,new-KG,5804,0.2501,0.179,0.3916,0.2333,0.0168
gat,CoDExSmall,standard,2,Metafam:Metafam,Metafam,new-KG,368,0.3025,0.212,0.4511,0.3165,-0.014
gat,CoDExSmall,standard,2,NELLInductive:v1,NELL,new-KG,402,0.5628,0.505,0.6468,0.6262,-0.0634
gat,CoDExSmall,standard,2,NELLInductive:v2,NELL,new-KG,1870,0.4142,0.3171,0.6139,0.5595,-0.1453
gat,CoDExSmall,standard,2,NELLInductive:v3,NELL,new-KG,3240,0.4085,0.3299,0.5583,0.5624,-0.1539
gat,CoDExSmall,standard,2,NELLInductive:v4,NELL,new-KG,2894,0.3902,0.2816,0.585,0.5356,-0.1454
gat,CoDExSmall,standard,2,NLIngram:0,NELL,new-KG,1526,0.2523,0.1848,0.4063,0.345,-0.0927
gat,CoDExSmall,standard,2,NLIngram:100,NELL,new-KG,1586,0.366,0.2799,0.5498,0.469,-0.103
gat,CoDExSmall,standard,2,NLIngram:25,NELL,new-KG,1488,0.2687,0.164,0.4772,0.3534,-0.0847
gat,CoDExSmall,standard,2,NLIngram:50,NELL,new-KG,1718,0.2901,0.2183,0.4307,0.4053,-0.1152
gat,CoDExSmall,standard,2,NLIngram:75,NELL,new-KG,1214,0.304,0.2216,0.4712,0.3504,-0.0464
gat,CoDExSmall,standard,2,WKIngram:100,Wikidata,new-KG,8992,0.1154,0.0786,0.1808,0.1523,-0.0369
gat,CoDExSmall,standard,2,WKIngram:25,Wikidata,new-KG,2262,0.2658,0.1932,0.3988,0.2825,-0.0167
gat,CoDExSmall,standard,2,WKIngram:50,Wikidata,new-KG,6450,0.1407,0.0876,0.2388,0.1602,-0.0195
gat,CoDExSmall,standard,2,WKIngram:75,Wikidata,new-KG,2288,0.3527,0.2736,0.486,0.3521,0.0006
gat,CoDExSmall,standard,2,WN18RRInductive:v1,WordNet,new-KG,746,0.4985,0.4048,0.7198,0.6567,-0.1582
gat,CoDExSmall,standard,2,WN18RRInductive:v2,WordNet,new-KG,1704,0.5076,0.4155,0.6925,0.6335,-0.1259
gat,CoDExSmall,standard,2,WN18RRInductive:v3,WordNet,new-KG,2286,0.2553,0.1999,0.3605,0.3304,-0.0751
gat,CoDExSmall,standard,2,WN18RRInductive:v4,WordNet,new-KG,5646,0.464,0.384,0.6273,0.5974,-0.1334
gat,CoDExSmall,standard,2,WikiTopicsMT1:health,Wikidata,new-KG,3132,0.3545,0.3001,0.454,0.314,0.0405
gat,CoDExSmall,standard,2,WikiTopicsMT1:tax,Wikidata,new-KG,3668,0.2381,0.1535,0.3727,0.2312,0.0069
gat,CoDExSmall,standard,2,WikiTopicsMT2:org,Wikidata,new-KG,4882,0.0826,0.0561,0.1307,0.0631,0.0195
gat,CoDExSmall,standard,2,WikiTopicsMT2:sci,Wikidata,new-KG,3300,0.2746,0.1718,0.4452,0.2129,0.0617
gat,CoDExSmall,standard,2,WikiTopicsMT3:art,Wikidata,new-KG,6226,0.2511,0.1801,0.3855,0.1721,0.079
gat,CoDExSmall,standard,2,WikiTopicsMT3:infra,Wikidata,new-KG,4810,0.5411,0.4237,0.7378,0.5275,0.0136
gat,CoDExSmall,standard,2,WikiTopicsMT4:health,Wikidata,new-KG,3406,0.4998,0.4237,0.6559,0.6361,-0.1363
gat,CoDExSmall,standard,2,WikiTopicsMT4:sci,Wikidata,new-KG,2776,0.2706,0.1974,0.4053,0.2334,0.0372
gat,ConceptNet100k,echantillonne,0,FB15k237Inductive:v1,Freebase,train+select,822,0.1379,0.0596,0.3236,0.4253,-0.2874
gat,ConceptNet100k,echantillonne,0,FB15k237Inductive:v2,Freebase,in-family,1894,0.1496,0.0797,0.3004,0.4026,-0.253
gat,ConceptNet100k,echantillonne,0,FB15k237Inductive:v3,Freebase,in-family,3462,0.1142,0.0479,0.2626,0.3733,-0.2591
gat,ConceptNet100k,echantillonne,0,FB15k237Inductive:v4,Freebase,in-family,5680,0.1298,0.062,0.2771,0.3193,-0.1895
gat,ConceptNet100k,echantillonne,0,FBIngram:100,Freebase,in-family,4658,0.0737,0.0313,0.1391,0.2109,-0.1372
gat,ConceptNet100k,echantillonne,0,FBIngram:25,Freebase,in-family,11432,0.0796,0.0325,0.1707,0.1944,-0.1148
gat,ConceptNet100k,echantillonne,0,FBIngram:50,Freebase,in-family,7758,0.0673,0.021,0.1624,0.1817,-0.1144
gat,ConceptNet100k,echantillonne,0,FBIngram:75,Freebase,in-family,6212,0.0792,0.0341,0.1615,0.2381,-0.1589
gat,ConceptNet100k,echantillonne,0,FBNELL:FBNELL_v1,Freebase+NELL,in-family-partial,1194,0.244,0.1633,0.4104,0.3805,-0.1365
gat,ConceptNet100k,echantillonne,0,HM:1k,INDIGO-HM,new-KG,952,0.0584,0.0378,0.0987,0.0294,0.029
gat,ConceptNet100k,echantillonne,0,HM:3k,INDIGO-HM,new-KG,2698,0.0505,0.0363,0.0808,0.0306,0.0199
gat,ConceptNet100k,echantillonne,0,HM:5k,INDIGO-HM,new-KG,4248,0.0435,0.0294,0.0699,0.0275,0.016
gat,ConceptNet100k,echantillonne,0,ILPC2022:large,Wikidata,new-KG,20368,0.0475,0.0091,0.1555,0.154,-0.1065
gat,ConceptNet100k,echantillonne,0,ILPC2022:small,Wikidata,new-KG,5804,0.0392,0.0095,0.1034,0.1273,-0.0881
gat,ConceptNet100k,echantillonne,0,Metafam:Metafam,Metafam,new-KG,368,0.2396,0.1005,0.5679,0.4792,-0.2396
gat,ConceptNet100k,echantillonne,0,NELLInductive:v1,NELL,new-KG,402,0.4323,0.3881,0.5721,0.5294,-0.0971
gat,ConceptNet100k,echantillonne,0,NELLInductive:v2,NELL,new-KG,1870,0.2204,0.139,0.4037,0.343,-0.1226
gat,ConceptNet100k,echantillonne,0,NELLInductive:v3,NELL,new-KG,3240,0.2778,0.1904,0.4608,0.3797,-0.1019
gat,ConceptNet100k,echantillonne,0,NELLInductive:v4,NELL,new-KG,2894,0.2609,0.1628,0.4679,0.3274,-0.0665
gat,ConceptNet100k,echantillonne,0,NLIngram:0,NELL,new-KG,1526,0.1863,0.1193,0.3159,0.2405,-0.0542
gat,ConceptNet100k,echantillonne,0,NLIngram:100,NELL,new-KG,1586,0.1977,0.1255,0.3569,0.3519,-0.1542
gat,ConceptNet100k,echantillonne,0,NLIngram:25,NELL,new-KG,1488,0.2325,0.1633,0.3696,0.285,-0.0525
gat,ConceptNet100k,echantillonne,0,NLIngram:50,NELL,new-KG,1718,0.2309,0.1624,0.3871,0.3385,-0.1076
gat,ConceptNet100k,echantillonne,0,NLIngram:75,NELL,new-KG,1214,0.1862,0.1096,0.355,0.3283,-0.1421
gat,ConceptNet100k,echantillonne,0,WKIngram:100,Wikidata,new-KG,8992,0.0631,0.0307,0.137,0.0868,-0.0237
gat,ConceptNet100k,echantillonne,0,WKIngram:25,Wikidata,new-KG,2262,0.1263,0.0632,0.2524,0.2342,-0.1079
gat,ConceptNet100k,echantillonne,0,WKIngram:50,Wikidata,new-KG,6450,0.0672,0.0264,0.1536,0.1267,-0.0595
gat,ConceptNet100k,echantillonne,0,WKIngram:75,Wikidata,new-KG,2288,0.1021,0.0393,0.2504,0.2741,-0.172
gat,ConceptNet100k,echantillonne,0,WN18RRInductive:v1,WordNet,new-KG,746,0.2418,0.126,0.5013,0.582,-0.3402
gat,ConceptNet100k,echantillonne,0,WN18RRInductive:v2,WordNet,new-KG,1704,0.2471,0.1273,0.4906,0.5769,-0.3298
gat,ConceptNet100k,echantillonne,0,WN18RRInductive:v3,WordNet,new-KG,2286,0.1398,0.0761,0.2629,0.2896,-0.1498
gat,ConceptNet100k,echantillonne,0,WN18RRInductive:v4,WordNet,new-KG,5646,0.2391,0.1233,0.4957,0.5281,-0.289
gat,ConceptNet100k,echantillonne,0,WikiTopicsMT1:health,Wikidata,new-KG,3132,0.0774,0.0188,0.2669,0.2492,-0.1718
gat,ConceptNet100k,echantillonne,0,WikiTopicsMT1:tax,Wikidata,new-KG,3668,0.0675,0.0011,0.2126,0.1825,-0.115
gat,ConceptNet100k,echantillonne,0,WikiTopicsMT2:org,Wikidata,new-KG,4882,0.0016,0.0,0.0035,0.0079,-0.0063
gat,ConceptNet100k,echantillonne,0,WikiTopicsMT2:sci,Wikidata,new-KG,3300,0.0494,0.0027,0.1848,0.1775,-0.1281
gat,ConceptNet100k,echantillonne,0,WikiTopicsMT3:art,Wikidata,new-KG,6226,0.0177,0.0021,0.0479,0.094,-0.0763
gat,ConceptNet100k,echantillonne,0,WikiTopicsMT3:infra,Wikidata,new-KG,4810,0.1534,0.047,0.4241,0.3341,-0.1807
gat,ConceptNet100k,echantillonne,0,WikiTopicsMT4:health,Wikidata,new-KG,3406,0.2321,0.145,0.4404,0.4479,-0.2158
gat,ConceptNet100k,echantillonne,0,WikiTopicsMT4:sci,Wikidata,new-KG,2776,0.0463,0.0108,0.139,0.1338,-0.0875
gat,AristoV4,echantillonne,0,FB15k237Inductive:v1,Freebase,train+select,822,0.269,0.174,0.4513,0.4253,-0.1563
gat,AristoV4,echantillonne,0,FB15k237Inductive:v2,Freebase,in-family,1894,0.273,0.1843,0.4403,0.4026,-0.1296
gat,AristoV4,echantillonne,0,FB15k237Inductive:v3,Freebase,in-family,3462,0.2359,0.154,0.4064,0.3733,-0.1374
gat,AristoV4,echantillonne,0,FB15k237Inductive:v4,Freebase,in-family,5680,0.2223,0.1417,0.3827,0.3193,-0.097
gat,AristoV4,echantillonne,0,FBIngram:100,Freebase,in-family,4658,0.1932,0.1312,0.3068,0.2109,-0.0177
gat,AristoV4,echantillonne,0,FBIngram:25,Freebase,in-family,11432,0.125,0.0705,0.2325,0.1944,-0.0694
gat,AristoV4,echantillonne,0,FBIngram:50,Freebase,in-family,7758,0.1212,0.0686,0.2142,0.1817,-0.0605
gat,AristoV4,echantillonne,0,FBIngram:75,Freebase,in-family,6212,0.1783,0.1212,0.2788,0.2381,-0.0598
gat,AristoV4,echantillonne,0,FBNELL:FBNELL_v1,Freebase+NELL,in-family-partial,1194,0.3054,0.2219,0.4657,0.3805,-0.0751
gat,AristoV4,echantillonne,0,HM:1k,INDIGO-HM,new-KG,952,0.0287,0.0126,0.0735,0.0294,-0.0007
gat,AristoV4,echantillonne,0,HM:3k,INDIGO-HM,new-KG,2698,0.0285,0.0156,0.063,0.0306,-0.0021
gat,AristoV4,echantillonne,0,HM:5k,INDIGO-HM,new-KG,4248,0.024,0.0137,0.0494,0.0275,-0.0035
gat,AristoV4,echantillonne,0,ILPC2022:large,Wikidata,new-KG,20368,0.1446,0.0992,0.232,0.154,-0.0094
gat,AristoV4,echantillonne,0,ILPC2022:small,Wikidata,new-KG,5804,0.1195,0.0812,0.208,0.1273,-0.0078
gat,AristoV4,echantillonne,0,Metafam:Metafam,Metafam,new-KG,368,0.2405,0.1033,0.6087,0.4792,-0.2387
gat,AristoV4,echantillonne,0,NELLInductive:v1,NELL,new-KG,402,0.5316,0.5,0.6169,0.5294,0.0022
gat,AristoV4,echantillonne,0,NELLInductive:v2,NELL,new-KG,1870,0.2466,0.1497,0.4374,0.343,-0.0964
gat,AristoV4,echantillonne,0,NELLInductive:v3,NELL,new-KG,3240,0.3109,0.2148,0.5056,0.3797,-0.0688
gat,AristoV4,echantillonne,0,NELLInductive:v4,NELL,new-KG,2894,0.2604,0.1659,0.4413,0.3274,-0.067
gat,AristoV4,echantillonne,0,NLIngram:0,NELL,new-KG,1526,0.2192,0.1298,0.4168,0.2405,-0.0213
gat,AristoV4,echantillonne,0,NLIngram:100,NELL,new-KG,1586,0.3211,0.2427,0.471,0.3519,-0.0308
gat,AristoV4,echantillonne,0,NLIngram:25,NELL,new-KG,1488,0.2645,0.164,0.4523,0.285,-0.0205
gat,AristoV4,echantillonne,0,NLIngram:50,NELL,new-KG,1718,0.3141,0.227,0.4831,0.3385,-0.0244
gat,AristoV4,echantillonne,0,NLIngram:75,NELL,new-KG,1214,0.274,0.1771,0.4736,0.3283,-0.0543
gat,AristoV4,echantillonne,0,WKIngram:100,Wikidata,new-KG,8992,0.0969,0.0642,0.1637,0.0868,0.0101
gat,AristoV4,echantillonne,0,WKIngram:25,Wikidata,new-KG,2262,0.2044,0.1309,0.3652,0.2342,-0.0298
gat,AristoV4,echantillonne,0,WKIngram:50,Wikidata,new-KG,6450,0.1093,0.0571,0.214,0.1267,-0.0174
gat,AristoV4,echantillonne,0,WKIngram:75,Wikidata,new-KG,2288,0.2358,0.1761,0.3632,0.2741,-0.0383
gat,AristoV4,echantillonne,0,WN18RRInductive:v1,WordNet,new-KG,746,0.4635,0.3539,0.6542,0.582,-0.1185
gat,AristoV4,echantillonne,0,WN18RRInductive:v2,WordNet,new-KG,1704,0.4628,0.3715,0.6285,0.5769,-0.1141
gat,AristoV4,echantillonne,0,WN18RRInductive:v3,WordNet,new-KG,2286,0.2307,0.1776,0.3198,0.2896,-0.0589
gat,AristoV4,echantillonne,0,WN18RRInductive:v4,WordNet,new-KG,5646,0.4594,0.3727,0.6001,0.5281,-0.0687
gat,AristoV4,echantillonne,0,WikiTopicsMT1:health,Wikidata,new-KG,3132,0.2214,0.1833,0.3062,0.2492,-0.0278
gat,AristoV4,echantillonne,0,WikiTopicsMT1:tax,Wikidata,new-KG,3668,0.1741,0.1371,0.2266,0.1825,-0.0084
gat,AristoV4,echantillonne,0,WikiTopicsMT2:org,Wikidata,new-KG,4882,0.0078,0.0047,0.0129,0.0079,-0.0001
gat,AristoV4,echantillonne,0,WikiTopicsMT2:sci,Wikidata,new-KG,3300,0.1559,0.1124,0.2173,0.1775,-0.0216
gat,AristoV4,echantillonne,0,WikiTopicsMT3:art,Wikidata,new-KG,6226,0.0854,0.0657,0.1251,0.094,-0.0086
gat,AristoV4,echantillonne,0,WikiTopicsMT3:infra,Wikidata,new-KG,4810,0.2642,0.1802,0.417,0.3341,-0.0699
gat,AristoV4,echantillonne,0,WikiTopicsMT4:health,Wikidata,new-KG,3406,0.378,0.2854,0.5411,0.4479,-0.0699
gat,AristoV4,echantillonne,0,WikiTopicsMT4:sci,Wikidata,new-KG,2776,0.1321,0.0908,0.2154,0.1338,-0.0017
gat,FB15k237Inductive:v1 (reference du regime),echantillonne,0,FB15k237Inductive:v1,Freebase,train+select,822,0.4253,0.3273,0.5949,0.4253,0.0
gat,FB15k237Inductive:v1 (reference du regime),echantillonne,0,FB15k237Inductive:v2,Freebase,in-family,1894,0.4026,0.2988,0.5871,0.4026,0.0
gat,FB15k237Inductive:v1 (reference du regime),echantillonne,0,FB15k237Inductive:v3,Freebase,in-family,3462,0.3733,0.2848,0.5453,0.3733,0.0
gat,FB15k237Inductive:v1 (reference du regime),echantillonne,0,FB15k237Inductive:v4,Freebase,in-family,5680,0.3193,0.228,0.4986,0.3193,0.0
gat,FB15k237Inductive:v1 (reference du regime),echantillonne,0,FBIngram:100,Freebase,in-family,4658,0.2109,0.1428,0.3394,0.2109,0.0
gat,FB15k237Inductive:v1 (reference du regime),echantillonne,0,FBIngram:25,Freebase,in-family,11432,0.1944,0.1223,0.3393,0.1944,0.0
gat,FB15k237Inductive:v1 (reference du regime),echantillonne,0,FBIngram:50,Freebase,in-family,7758,0.1817,0.1151,0.3198,0.1817,0.0
gat,FB15k237Inductive:v1 (reference du regime),echantillonne,0,FBIngram:75,Freebase,in-family,6212,0.2381,0.1652,0.3785,0.2381,0.0
gat,FB15k237Inductive:v1 (reference du regime),echantillonne,0,FBNELL:FBNELL_v1,Freebase+NELL,in-family-partial,1194,0.3805,0.2923,0.5343,0.3805,0.0
gat,FB15k237Inductive:v1 (reference du regime),echantillonne,0,HM:1k,INDIGO-HM,new-KG,952,0.0294,0.0084,0.0924,0.0294,0.0
gat,FB15k237Inductive:v1 (reference du regime),echantillonne,0,HM:3k,INDIGO-HM,new-KG,2698,0.0306,0.0141,0.076,0.0306,0.0
gat,FB15k237Inductive:v1 (reference du regime),echantillonne,0,HM:5k,INDIGO-HM,new-KG,4248,0.0275,0.0132,0.0699,0.0275,0.0
gat,FB15k237Inductive:v1 (reference du regime),echantillonne,0,ILPC2022:large,Wikidata,new-KG,20368,0.154,0.1044,0.2518,0.154,0.0
gat,FB15k237Inductive:v1 (reference du regime),echantillonne,0,ILPC2022:small,Wikidata,new-KG,5804,0.1273,0.0818,0.2324,0.1273,0.0
gat,FB15k237Inductive:v1 (reference du regime),echantillonne,0,Metafam:Metafam,Metafam,new-KG,368,0.4792,0.3587,0.7228,0.4792,0.0
gat,FB15k237Inductive:v1 (reference du regime),echantillonne,0,NELLInductive:v1,NELL,new-KG,402,0.5294,0.5025,0.6144,0.5294,0.0
gat,FB15k237Inductive:v1 (reference du regime),echantillonne,0,NELLInductive:v2,NELL,new-KG,1870,0.343,0.2465,0.5305,0.343,0.0
gat,FB15k237Inductive:v1 (reference du regime),echantillonne,0,NELLInductive:v3,NELL,new-KG,3240,0.3797,0.2833,0.562,0.3797,0.0
gat,FB15k237Inductive:v1 (reference du regime),echantillonne,0,NELLInductive:v4,NELL,new-KG,2894,0.3274,0.2277,0.5149,0.3274,0.0
gat,FB15k237Inductive:v1 (reference du regime),echantillonne,0,NLIngram:0,NELL,new-KG,1526,0.2405,0.1481,0.4364,0.2405,0.0
gat,FB15k237Inductive:v1 (reference du regime),echantillonne,0,NLIngram:100,NELL,new-KG,1586,0.3519,0.2699,0.5019,0.3519,0.0
gat,FB15k237Inductive:v1 (reference du regime),echantillonne,0,NLIngram:25,NELL,new-KG,1488,0.285,0.1909,0.4469,0.285,0.0
gat,FB15k237Inductive:v1 (reference du regime),echantillonne,0,NLIngram:50,NELL,new-KG,1718,0.3385,0.2573,0.486,0.3385,0.0
gat,FB15k237Inductive:v1 (reference du regime),echantillonne,0,NLIngram:75,NELL,new-KG,1214,0.3283,0.2348,0.5082,0.3283,0.0
gat,FB15k237Inductive:v1 (reference du regime),echantillonne,0,WKIngram:100,Wikidata,new-KG,8992,0.0868,0.05,0.1579,0.0868,0.0
gat,FB15k237Inductive:v1 (reference du regime),echantillonne,0,WKIngram:25,Wikidata,new-KG,2262,0.2342,0.1587,0.3864,0.2342,0.0
gat,FB15k237Inductive:v1 (reference du regime),echantillonne,0,WKIngram:50,Wikidata,new-KG,6450,0.1267,0.0826,0.2183,0.1267,0.0
gat,FB15k237Inductive:v1 (reference du regime),echantillonne,0,WKIngram:75,Wikidata,new-KG,2288,0.2741,0.2115,0.3916,0.2741,0.0
gat,FB15k237Inductive:v1 (reference du regime),echantillonne,0,WN18RRInductive:v1,WordNet,new-KG,746,0.582,0.4893,0.7011,0.582,0.0
gat,FB15k237Inductive:v1 (reference du regime),echantillonne,0,WN18RRInductive:v2,WordNet,new-KG,1704,0.5769,0.5023,0.6755,0.5769,0.0
gat,FB15k237Inductive:v1 (reference du regime),echantillonne,0,WN18RRInductive:v3,WordNet,new-KG,2286,0.2896,0.2568,0.3465,0.2896,0.0
gat,FB15k237Inductive:v1 (reference du regime),echantillonne,0,WN18RRInductive:v4,WordNet,new-KG,5646,0.5281,0.4532,0.6339,0.5281,0.0
gat,FB15k237Inductive:v1 (reference du regime),echantillonne,0,WikiTopicsMT1:health,Wikidata,new-KG,3132,0.2492,0.219,0.3167,0.2492,0.0
gat,FB15k237Inductive:v1 (reference du regime),echantillonne,0,WikiTopicsMT1:tax,Wikidata,new-KG,3668,0.1825,0.1505,0.2287,0.1825,0.0
gat,FB15k237Inductive:v1 (reference du regime),echantillonne,0,WikiTopicsMT2:org,Wikidata,new-KG,4882,0.0079,0.0047,0.0147,0.0079,0.0
gat,FB15k237Inductive:v1 (reference du regime),echantillonne,0,WikiTopicsMT2:sci,Wikidata,new-KG,3300,0.1775,0.1406,0.2264,0.1775,0.0
gat,FB15k237Inductive:v1 (reference du regime),echantillonne,0,WikiTopicsMT3:art,Wikidata,new-KG,6226,0.094,0.0695,0.1463,0.094,0.0
gat,FB15k237Inductive:v1 (reference du regime),echantillonne,0,WikiTopicsMT3:infra,Wikidata,new-KG,4810,0.3341,0.3004,0.3821,0.3341,0.0
gat,FB15k237Inductive:v1 (reference du regime),echantillonne,0,WikiTopicsMT4:health,Wikidata,new-KG,3406,0.4479,0.3682,0.5922,0.4479,0.0
gat,FB15k237Inductive:v1 (reference du regime),echantillonne,0,WikiTopicsMT4:sci,Wikidata,new-KG,2776,0.1338,0.0886,0.2255,0.1338,0.0
